{
  "46": {
    "inputs": {
      "filename": "%counter_%seed_%steps_%cfg_%time",
      "path": "%date",
      "model_name": [
        "549",
        0
      ],
      "vae_name": [
        "551",
        0
      ],
      "seed": [
        "660",
        0
      ],
      "steps": [
        "664",
        8
      ],
      "cfg": [
        "664",
        10
      ],
      "sampler_name": "uni_pc",
      "scheduler": "karras",
      "width": [
        "664",
        13
      ],
      "height": [
        "664",
        14
      ],
      "positive": [
        "664",
        11
      ],
      "negative": [
        "664",
        12
      ],
      "extension": "png",
      "calculate_hash": false,
      "resource_hash": true,
      "lossless_webp": false,
      "jpg_webp_quality": 100,
      "date_format": "%m",
      "time_format": "%H%M%S",
      "save_metadata_file": false,
      "extra_info": "∞ ˶𝞢⤬⫒ⵖsᐼ˶ ⠑⠭⠙⠽⠎⠁",
      "images": [
        "240",
        0
      ],
      "lora_name": [
        "660",
        0
      ]
    },
    "class_type": "SDPromptSaver",
    "_meta": {
      "title": "SD Prompt Saver          "
    }
  },
  "76": {
    "inputs": {
      "sampler_name": "uni_pc",
      "scheduler": "karras"
    },
    "class_type": "GlobalSampler //Inspire",
    "_meta": {
      "title": "Global Sampler (Inspire)"
    }
  },
  "85": {
    "inputs": {
      "text_l": [
        "749:1",
        0
      ],
      "text_g": [
        "749:1",
        0
      ],
      "token_normalization": "none",
      "weight_interpretation": "A1111",
      "balance": 0.5,
      "clip": [
        "749:0",
        0
      ]
    },
    "class_type": "BNK_CLIPTextEncodeSDXLAdvanced",
    "_meta": {
      "title": "CLIP XL+"
    }
  },
  "86": {
    "inputs": {
      "vae_name": "xl\\xlVAEC_f1.safetensors"
    },
    "class_type": "vae_loader",
    "_meta": {
      "title": "Alternate VAE"
    }
  },
  "90": {
    "inputs": {
      "category": "Angle of View",
      "preset": "#PRESET",
      "text": "<lora:xl\\add-detail-xl.safetensors:1.0>, macro photography, a dewy leaf inhabited by a city"
    },
    "class_type": "PromptBuilder //Inspire",
    "_meta": {
      "title": "Prompt Builder (Inspire)"
    }
  },
  "129": {
    "inputs": {
      "ckpt_name": "xl\\SSD-1B.safetensors"
    },
    "class_type": "Checkpoint Loader w/Name (WLSH)",
    "_meta": {
      "title": "CkptLoader(WLSH)"
    }
  },
  "206": {
    "inputs": {
      "add_noise": true,
      "noise_seed": [
        "660",
        0
      ],
      "steps": [
        "664",
        8
      ],
      "cfg": [
        "664",
        10
      ],
      "sampler_name": "uni_pc",
      "scheduler": "karras",
      "start_at_step": 0,
      "end_at_step": 10000,
      "noise_mode": "GPU(=A1111)",
      "return_with_leftover_noise": false,
      "batch_seed_mode": "incremental",
      "variation_seed": 0,
      "variation_strength": 0,
      "model": [
        "664",
        1
      ],
      "positive": [
        "664",
        6
      ],
      "negative": [
        "664",
        7
      ],
      "latent_image": [
        "664",
        5
      ]
    },
    "class_type": "KSamplerAdvanced //Inspire",
    "_meta": {
      "title": "KSamplerAdv (inspire)"
    }
  },
  "240": {
    "inputs": {
      "upscale_model": "RealESRGAN_x4plus.pth",
      "mode": "rescale",
      "rescale_factor": [
        "664",
        15
      ],
      "resize_width": [
        "664",
        13
      ],
      "resampling_method": "lanczos",
      "supersample": "false",
      "rounding_modulus": 8,
      "image": [
        "748:3",
        0
      ]
    },
    "class_type": "CR Upscale Image",
    "_meta": {
      "title": "CR Upscale"
    }
  },
  "295": {
    "inputs": {
      "mode": "always",
      "volume": 0.5,
      "file": "notify.mp3",
      "any": [
        "46",
        0
      ]
    },
    "class_type": "PlaySound|pysssss",
    "_meta": {
      "title": "PlaySound         🐍"
    }
  },
  "484": {
    "inputs": {
      "samples": [
        "748:0",
        0
      ],
      "vae": [
        "664",
        4
      ]
    },
    "class_type": "VAEDecode",
    "_meta": {
      "title": "VAEDecode"
    }
  },
  "549": {
    "inputs": {
      "text": [
        "129",
        3
      ]
    },
    "class_type": "CR String To Combo",
    "_meta": {
      "title": "ModelName"
    }
  },
  "551": {
    "inputs": {
      "text": [
        "86",
        1
      ]
    },
    "class_type": "CR String To Combo",
    "_meta": {
      "title": "VAE Namer"
    }
  },
  "660": {
    "inputs": {
      "val": "3347209787",
      "min": 1000000000,
      "max": 9999999999,
      "batch_size": 1,
      "mode": "keep",
      "seed": 559032847642151,
      "output": ""
    },
    "class_type": "0246.RandomInt",
    "_meta": {
      "title": "Seed"
    }
  },
  "664": {
    "inputs": {
      "Profile": "∞",
      "Nb Inputs": 19,
      "Clean Inputs": null,
      "* 01 - model": [
        "129",
        0
      ],
      "* 02 - clip": [
        "129",
        1
      ],
      "* 03 - vae": [
        "129",
        2
      ],
      "* 04 - vae": [
        "751:1",
        0
      ],
      "* 05 - latent": [
        "595:1",
        5
      ],
      "* 06 - pos+": [
        "750:1",
        0
      ],
      "* 07 - negative": [
        "460:0",
        1
      ],
      "* 08 - steps": [
        "595:0",
        0
      ],
      "* 09 - refiner_step": [
        "595:0",
        1
      ],
      "* 10 - cfg": [
        "595:0",
        2
      ],
      "* 11 - +": [
        "749:1",
        0
      ],
      "* 12 - negative_text": [
        "460:0",
        3
      ],
      "* 13 - width": [
        "595:1",
        0
      ],
      "* 14 - height": [
        "595:1",
        1
      ],
      "* 15 - upscale_factor": [
        "595:1",
        2
      ]
    },
    "class_type": "MarasitAnyBusNode",
    "_meta": {
      "title": "∞"
    }
  },
  "687": {
    "inputs": {
      "empty_cache": false,
      "gc_collect": true,
      "unload_all_models": true,
      "any_input": [
        "748:0",
        0
      ],
      "image_pass": [
        "748:1",
        0
      ],
      "model_pass": [
        "664",
        1
      ]
    },
    "class_type": "VRAM_Debug",
    "_meta": {
      "title": "VRAM Debug"
    }
  },
  "709": {
    "inputs": {
      "_mode": "basic",
      "_delimiter": ", ",
      "0:INT": [
        "687",
        3
      ],
      "1:INT": [
        "687",
        4
      ]
    },
    "class_type": "0246.Stringify",
    "_meta": {
      "title": "Str"
    }
  },
  "711": {
    "inputs": {
      "output": "",
      "source": [
        "709",
        0
      ]
    },
    "class_type": "Display Any (rgthree)",
    "_meta": {
      "title": "<"
    }
  },
  "595:0": {
    "inputs": {
      "steps_total": 20,
      "refiner_step": 10,
      "cfg": 4,
      "sampler_name": "euler",
      "scheduler": "normal"
    },
    "class_type": "KSampler Config (rgthree)",
    "_meta": {
      "title": "KSampler Config (rgthree)"
    }
  },
  "595:1": {
    "inputs": {
      "width": 1024,
      "height": 1024,
      "aspect_ratio": "SDXL - 3:2 landscape 1216x832",
      "swap_dimensions": "Off",
      "upscale_factor": 2,
      "prescale_factor": 1,
      "batch_size": 1
    },
    "class_type": "CR Aspect Ratio",
    "_meta": {
      "title": "🔳 CR Aspect Ratio"
    }
  },
  "751:0": {
    "inputs": {
      "signal": [
        "129",
        2
      ],
      "any_input": [
        "86",
        0
      ]
    },
    "class_type": "ImpactIfNone",
    "_meta": {
      "title": "VAE"
    }
  },
  "751:1": {
    "inputs": {
      "cond": [
        "751:0",
        1
      ],
      "sel_mode": true,
      "tt_value": [
        "86",
        0
      ],
      "ff_value": [
        "751:0",
        0
      ]
    },
    "class_type": "ImpactConditionalBranchSelMode",
    "_meta": {
      "title": "Branch"
    }
  },
  "749:0": {
    "inputs": {
      "value": [
        "129",
        1
      ]
    },
    "class_type": "ReroutePrimitive|pysssss",
    "_meta": {
      "title": "CLIP"
    }
  },
  "749:1": {
    "inputs": {
      "value": [
        "90",
        0
      ]
    },
    "class_type": "ReroutePrimitive|pysssss",
    "_meta": {
      "title": "+"
    }
  },
  "749:2": {
    "inputs": {
      "value": [
        "595:1",
        0
      ]
    },
    "class_type": "ReroutePrimitive|pysssss",
    "_meta": {
      "title": "WIDTH"
    }
  },
  "749:3": {
    "inputs": {
      "value": [
        "595:1",
        1
      ]
    },
    "class_type": "ReroutePrimitive|pysssss",
    "_meta": {
      "title": "HEIGHT"
    }
  },
  "460:0": {
    "inputs": {
      "positive": "",
      "negative": "",
      "conditioner": "SDXL",
      "width": 0,
      "height": 1024,
      "clip": [
        "749:0",
        0
      ]
    },
    "class_type": "CLIP +/- w/Text Unified (WLSH)",
    "_meta": {
      "title": "CLIP +/- w/Text Unified (WLSH)"
    }
  },
  "460:1": {
    "inputs": {},
    "class_type": "ImpactDummyInput",
    "_meta": {
      "title": "ImpactDummyInput"
    }
  },
  "750:0": {
    "inputs": {
      "signal": [
        "85",
        0
      ]
    },
    "class_type": "ImpactIfNone",
    "_meta": {
      "title": "PosBranch"
    }
  },
  "750:1": {
    "inputs": {
      "cond": [
        "750:0",
        1
      ],
      "sel_mode": true,
      "ff_value": [
        "750:0",
        0
      ]
    },
    "class_type": "ImpactConditionalBranchSelMode",
    "_meta": {
      "title": "Branch"
    }
  },
  "652:0": {
    "inputs": {},
    "class_type": "ReroutePrimitive|pysssss",
    "_meta": {
      "title": "Reroute Primitive 🐍"
    }
  },
  "652:1": {
    "inputs": {
      "value": [
        "240",
        1
      ]
    },
    "class_type": "ReroutePrimitive|pysssss",
    "_meta": {
      "title": "Reroute Primitive 🐍"
    }
  },
  "652:2": {
    "inputs": {
      "value": [
        "687",
        2
      ]
    },
    "class_type": "ReroutePrimitive|pysssss",
    "_meta": {
      "title": "Reroute Primitive 🐍"
    }
  },
  "652:3": {
    "inputs": {},
    "class_type": "ReroutePrimitive|pysssss",
    "_meta": {
      "title": "Reroute Primitive 🐍"
    }
  },
  "652:4": {
    "inputs": {},
    "class_type": "ReroutePrimitive|pysssss",
    "_meta": {
      "title": "Reroute Primitive 🐍"
    }
  },
  "652:5": {
    "inputs": {},
    "class_type": "ReroutePrimitive|pysssss",
    "_meta": {
      "title": "Reroute Primitive 🐍"
    }
  },
  "748:0": {
    "inputs": {
      "value": [
        "206",
        0
      ]
    },
    "class_type": "ReroutePrimitive|pysssss",
    "_meta": {
      "title": "LATENT"
    }
  },
  "748:1": {
    "inputs": {
      "value": [
        "484",
        0
      ]
    },
    "class_type": "ReroutePrimitive|pysssss",
    "_meta": {
      "title": "vae_img"
    }
  },
  "748:2": {
    "inputs": {
      "signal": [
        "748:1",
        0
      ]
    },
    "class_type": "ImpactIfNone",
    "_meta": {
      "title": "C1"
    }
  },
  "748:3": {
    "inputs": {
      "cond": [
        "748:2",
        1
      ],
      "sel_mode": true,
      "tt_value": [
        "748:1",
        0
      ],
      "ff_value": [
        "748:2",
        0
      ]
    },
    "class_type": "ImpactConditionalBranchSelMode",
    "_meta": {
      "title": "Branch"
    }
  }
}