{"last_node_id": 751, "last_link_id": 4170, "nodes": [{"id": 426, "type": "Bookmark (rgthree)", "pos": {"0": 140, "1": 450, "2": 0, "3": 0, "4": 0, "5": 0, "6": 0, "7": 0, "8": 0, "9": 0}, "size": {"0": 210, "1": 62}, "flags": {"collapsed": true, "pinned": true}, "order": 0, "mode": 2, "inputs": [], "outputs": [], "properties": {}, "widgets_values": ["2", 2], "color": "#363636", "bgcolor": "#222222"}, {"id": 89, "type": "Bookmark (rgthree)", "pos": {"0": 90, "1": 140, "2": 0, "3": 0, "4": 0, "5": 0, "6": 0, "7": 0, "8": 0, "9": 0}, "size": {"0": 210, "1": 62}, "flags": {"collapsed": true, "pinned": true}, "order": 1, "mode": 2, "inputs": [], "outputs": [], "properties": {}, "widgets_values": ["1", 1.14], "color": "#363636", "bgcolor": "#222222"}, {"id": 484, "type": "VAEDecode", "pos": [1170, 630], "size": {"0": 140, "1": 50}, "flags": {"collapsed": true, "pinned": true}, "order": 27, "mode": 0, "inputs": [{"name": "samples", "type": "LATENT", "link": 4120, "slot_index": 0}, {"name": "vae", "type": "VAE", "link": 3789, "slot_index": 1}], "outputs": [{"name": "IMAGE", "type": "IMAGE", "links": [4127], "shape": 3, "slot_index": 0}], "title": "VAEDecode", "properties": {"Node name for S&R": "VAEDecode"}, "color": "#363636", "bgcolor": "#222222"}, {"id": 295, "type": "PlaySound|pysssss", "pos": [1200, 30], "size": {"0": 210, "1": 110}, "flags": {"collapsed": true, "pinned": true}, "order": 25, "mode": 0, "inputs": [{"name": "any", "type": "*", "link": 849}], "outputs": [{"name": "*", "type": "*", "links": null, "shape": 6}], "title": "PlaySound         \ud83d\udc0d", "properties": {"Node name for S&R": "PlaySound|pysssss"}, "widgets_values": ["always", 0.5, "notify.mp3"], "color": "#363636", "bgcolor": "#222222"}, {"id": 590, "type": "BNK_CLIPTextEncodeAdvanced", "pos": [170, 30], "size": {"0": 210, "1": 102}, "flags": {"pinned": true, "collapsed": true}, "order": 17, "mode": 4, "inputs": [{"name": "clip", "type": "CLIP", "link": 4132, "slot_index": 0}, {"name": "text", "type": "STRING", "link": 4134, "widget": {"name": "text"}}], "outputs": [{"name": "CONDITIONING", "type": "CONDITIONING", "links": [3794, 4155, 4156], "shape": 3, "slot_index": 0, "label": "POSITIVE SD15+"}], "title": "CLIP 1.5+", "properties": {"Node name for S&R": "BNK_CLIPTextEncodeAdvanced"}, "widgets_values": ["", "none", "comfy"], "color": "#363636", "bgcolor": "#222222"}, {"id": 85, "type": "BNK_CLIPTextEncodeSDXLAdvanced", "pos": [170, 170], "size": {"0": 210, "1": 150}, "flags": {"collapsed": true, "pinned": true}, "order": 18, "mode": 0, "inputs": [{"name": "clip", "type": "CLIP", "link": 4131, "slot_index": 0}, {"name": "text_l", "type": "STRING", "link": 4135, "widget": {"name": "text_l"}}, {"name": "text_g", "type": "STRING", "link": 4136, "widget": {"name": "text_g"}, "slot_index": 2}], "outputs": [{"name": "CONDITIONING", "type": "CONDITIONING", "links": [3793, 4154], "shape": 3, "slot_index": 0, "label": "POSITIVE XL +"}], "title": "CLIP XL+", "properties": {"Node name for S&R": "BNK_CLIPTextEncodeSDXLAdvanced"}, "widgets_values": ["", "", "none", "A1111", 0.5], "color": "#363636", "bgcolor": "#222222"}, {"id": 582, "type": "CR Text", "pos": [170, 440], "size": {"0": 210, "1": 96}, "flags": {"pinned": true, "collapsed": true}, "order": 2, "mode": 0, "outputs": [{"name": "text", "type": "*", "links": [3613], "shape": 3, "slot_index": 0}, {"name": "show_help", "type": "STRING", "links": [3795], "shape": 3, "slot_index": 1}], "title": "FD Wildcard", "properties": {"Node name for S&R": "CR Text"}, "widgets_values": [""], "color": "#363636", "bgcolor": "#222222"}, {"id": 687, "type": "VRAM_Debug", "pos": [1070, 170], "size": {"0": 211.60000610351562, "1": 190}, "flags": {"collapsed": true, "pinned": true}, "order": 30, "mode": 0, "inputs": [{"name": "any_input", "type": "*", "link": 4121}, {"name": "image_pass", "type": "IMAGE", "link": 4124}, {"name": "model_pass", "type": "MODEL", "link": 3809}], "outputs": [{"name": "any_output", "type": "*", "links": [], "shape": 3, "slot_index": 0}, {"name": "image_pass", "type": "IMAGE", "links": null, "shape": 3}, {"name": "model_pass", "type": "MODEL", "links": [3801], "shape": 3, "slot_index": 2}, {"name": "freemem_before", "type": "INT", "links": [3766], "shape": 3, "slot_index": 3}, {"name": "freemem_after", "type": "INT", "links": [3767], "shape": 3, "slot_index": 4}], "properties": {"Node name for S&R": "VRAM_Debug"}, "widgets_values": [false, true, true], "color": "#363636", "bgcolor": "#222222"}, {"id": 69, "type": "Bookmark (rgthree)", "pos": {"0": 1070, "1": 690, "2": 0, "3": 0, "4": 0, "5": 0, "6": 0, "7": 0, "8": 0, "9": 0}, "size": {"0": 210, "1": 62}, "flags": {"collapsed": true, "pinned": true}, "order": 3, "mode": 2, "inputs": [], "outputs": [], "properties": {}, "widgets_values": ["3", 4.6], "color": "#363636", "bgcolor": "#222222"}, {"id": 709, "type": "0246.Stringify", "pos": [1200, 170], "size": {"0": 210, "1": 122}, "flags": {"pinned": true, "collapsed": true}, "order": 31, "mode": 0, "inputs": [{"name": "0:INT", "type": "INT", "link": 3766, "shape": 3}, {"name": "1:INT", "type": "INT", "link": 3767, "shape": 3}, {"name": "...", "type": "*", "link": null, "shape": 3}], "outputs": [{"name": "_str", "type": "STRING", "links": [3769], "shape": 3, "slot_index": 0}], "title": "Str", "properties": {"Node name for S&R": "0246.Stringify"}, "widgets_values": ["basic", ", "], "color": "#363636", "bgcolor": "#222222"}, {"id": 711, "type": "Display Any (rgthree)", "pos": [1280, 140], "size": {"0": 210, "1": 80}, "flags": {"collapsed": true, "pinned": true}, "order": 32, "mode": 0, "inputs": [{"name": "source", "type": "*", "link": 3769, "dir": 3}], "title": "<", "properties": {"Node name for S&R": "Display Any (rgthree)"}, "widgets_values": ["\"\""], "color": "#363636", "bgcolor": "#222222"}, {"id": 240, "type": "CR Upscale Image", "pos": [880, 480], "size": {"0": 210, "1": 200}, "flags": {"collapsed": false, "pinned": true}, "order": 24, "mode": 0, "inputs": [{"name": "image", "type": "IMAGE", "link": 4125, "slot_index": 0}, {"name": "rescale_factor", "type": "FLOAT", "link": 3635, "widget": {"name": "rescale_factor"}, "slot_index": 1}, {"name": "resize_width", "type": "INT", "link": 4015, "widget": {"name": "resize_width"}}], "outputs": [{"name": "IMAGE", "type": "IMAGE", "links": [1735], "shape": 3, "slot_index": 0}, {"name": "show_help", "type": "STRING", "links": [3629], "shape": 3, "slot_index": 1}], "title": "CR Upscale", "properties": {"Node name for S&R": "CR Upscale Image"}, "widgets_values": ["RealESRGAN_x4plus.pth", "rescale", 1.99, 1024, "lanczos", "false", 8], "color": "#363636", "bgcolor": "#222222"}, {"id": 430, "type": "FaceDetailer", "pos": [850, 30], "size": {"0": 210, "1": 822}, "flags": {"collapsed": true, "pinned": true}, "order": 26, "mode": 0, "inputs": [{"name": "image", "type": "IMAGE", "link": 4123, "slot_index": 0}, {"name": "model", "type": "MODEL", "link": 3342, "slot_index": 1}, {"name": "clip", "type": "CLIP", "link": 3343, "slot_index": 2}, {"name": "vae", "type": "VAE", "link": 3788, "slot_index": 3}, {"name": "positive", "type": "CONDITIONING", "link": 3346, "slot_index": 4, "label": "+positive"}, {"name": "negative", "type": "CONDITIONING", "link": 3349, "label": "-negative", "slot_index": 5}, {"name": "bbox_detector", "type": "BBOX_DETECTOR", "link": 3618, "label": "bbox"}, {"name": "sam_model_opt", "type": "SAM_MODEL", "link": 3619, "label": "sam", "slot_index": 7}, {"name": "segm_detector_opt", "type": "SEGM_DETECTOR", "link": 3620, "label": "segm", "slot_index": 8}, {"name": "detailer_hook", "type": "DETAILER_HOOK", "link": null, "label": "detailhook"}, {"name": "steps", "type": "INT", "link": 3352, "widget": {"name": "steps"}, "slot_index": 10}, {"name": "cfg", "type": "FLOAT", "link": 3372, "widget": {"name": "cfg"}, "slot_index": 11}, {"name": "wildcard", "type": "STRING", "link": 3614, "widget": {"name": "wildcard"}, "slot_index": 12}, {"name": "seed", "type": "INT", "link": 3361, "widget": {"name": "seed"}}], "outputs": [{"name": "image", "type": "IMAGE", "links": [4128, 4129], "shape": 3, "slot_index": 0}, {"name": "cropped_refined", "type": "IMAGE", "links": null, "shape": 6, "label": "crop_refined"}, {"name": "cropped_enhanced_alpha", "type": "IMAGE", "links": null, "shape": 6, "label": "crop_alpha", "slot_index": 2}, {"name": "mask", "type": "MASK", "links": null, "shape": 3}, {"name": "detailer_pipe", "type": "DETAILER_PIPE", "links": [3628], "shape": 3, "slot_index": 4}, {"name": "cnet_images", "type": "IMAGE", "links": null, "shape": 6, "slot_index": 5}], "properties": {"Node name for S&R": "FaceDetailer"}, "widgets_values": [376, true, 1024, 149711368914478, "randomize", 20, 8, "uni_pc", "karras", 0.5, 4, false, true, 0.5, 10, 3, "center-1", 0, 0.93, 0, 0.7, "False", 11, "", 1, true, 19], "color": "#363636", "bgcolor": "#222222"}, {"id": 206, "type": "KSamplerAdvanced //Inspire", "pos": [880, 30], "size": {"0": 210, "1": 414}, "flags": {"collapsed": false, "pinned": true}, "order": 22, "mode": 0, "inputs": [{"name": "model", "type": "MODEL", "link": 3813, "slot_index": 0}, {"name": "positive", "type": "CONDITIONING", "link": 3347, "label": "+ positive", "slot_index": 1}, {"name": "negative", "type": "CONDITIONING", "link": 3348, "label": "- negative", "slot_index": 2}, {"name": "latent_image", "type": "LATENT", "link": 3345, "label": "latent", "slot_index": 3}, {"name": "noise_opt", "type": "NOISE", "link": null, "slot_index": 4}, {"name": "steps", "type": "INT", "link": 3350, "widget": {"name": "steps"}, "slot_index": 5}, {"name": "cfg", "type": "FLOAT", "link": 3369, "widget": {"name": "cfg"}, "slot_index": 7}, {"name": "noise_seed", "type": "INT", "link": 3118, "widget": {"name": "noise_seed"}, "slot_index": 8}], "outputs": [{"name": "LATENT", "type": "LATENT", "links": [4126], "shape": 3, "slot_index": 0}], "title": "KSamplerAdv (inspire)", "properties": {"Node name for S&R": "KSamplerAdvanced //Inspire"}, "widgets_values": [true, 3032709500, "fixed", 25, 9, "uni_pc", "karras", 0, 10000, "GPU(=A1111)", false, "incremental", 0, 0], "color": "#363636", "bgcolor": "#222222"}, {"id": 410, "type": "Bookmark (rgthree)", "pos": {"0": 0, "1": 30, "2": 0, "3": 0, "4": 0, "5": 0, "6": 0, "7": 0, "8": 0, "9": 0}, "size": {"0": 210, "1": 62}, "flags": {"collapsed": true, "pinned": true}, "order": 4, "mode": 2, "inputs": [], "outputs": [], "properties": {}, "widgets_values": ["`", 1], "color": "#363636", "bgcolor": "#222222"}, {"id": 46, "type": "SDPromptSaver", "pos": [1110, 30], "size": {"0": 210, "1": 830}, "flags": {"pinned": true, "collapsed": false}, "order": 23, "mode": 0, "inputs": [{"name": "images", "type": "IMAGE", "link": 1735, "slot_index": 0}, {"name": "lora_name", "type": "*", "link": 3816, "slot_index": 1}, {"name": "model_name", "type": "COMBO", "link": 1547, "widget": {"name": "model_name"}, "slot_index": 2}, {"name": "steps", "type": "INT", "link": 3376, "widget": {"name": "steps"}, "slot_index": 3}, {"name": "cfg", "type": "FLOAT", "link": 3370, "widget": {"name": "cfg"}, "slot_index": 4}, {"name": "positive", "type": "STRING", "link": 3354, "widget": {"name": "positive"}, "slot_index": 5, "label": "+"}, {"name": "negative", "type": "STRING", "link": 3355, "widget": {"name": "negative"}, "label": "-", "slot_index": 6}, {"name": "vae_name", "type": "COMBO", "link": 1549, "widget": {"name": "vae_name"}, "slot_index": 10}, {"name": "width", "type": "INT", "link": 3356, "widget": {"name": "width"}, "slot_index": 8}, {"name": "height", "type": "INT", "link": 3406, "widget": {"name": "height"}, "slot_index": 9}, {"name": "seed", "type": "INT", "link": 3817, "widget": {"name": "seed"}, "slot_index": 10}], "outputs": [{"name": "FILENAME", "type": "STRING", "links": [849], "shape": 3, "slot_index": 0}, {"name": "FILE_PATH", "type": "STRING", "links": null, "shape": 3}, {"name": "METADATA", "type": "STRING", "links": null, "shape": 3, "slot_index": 2}], "title": "SD Prompt Saver          ", "properties": {"Node name for S&R": "SDPromptSaver"}, "widgets_values": ["%counter_%seed_%steps_%cfg_%time", "%date", "abstracts\\Inkpunk-Diffusion-v2.safetensors", "vaeftmse840000emaP.ckpt", 3032709500, "fixed", 20, 8, "uni_pc", "karras", 1, 1, "hair,ears,embedding:ng_deepnegative_v1_75t, embedding:bad-hands-5, embedding:EasyNegativeV2,", "embedding:BadDream, \nembedding:epiCPhQoto-neg, embedding:ng_deepnegative_v1_75t, ", "png", false, true, false, 100, "%m", "%H%M%S", false, "\u221e \u02f6\ud835\udfa2\u292c\u2ad2\u2d56s\u143c\u02f6 \u2811\u282d\u2819\u283d\u280e\u2801"], "color": "#363636", "bgcolor": "#222222"}, {"id": 551, "type": "CR String To Combo", "pos": [400, 200], "size": {"0": 210, "1": 54}, "flags": {"collapsed": true, "pinned": true}, "order": 13, "mode": 0, "inputs": [{"name": "text", "type": "STRING", "link": 2034, "widget": {"name": "text"}, "slot_index": 0}], "outputs": [{"name": "any", "type": "*", "links": [1549], "shape": 3, "slot_index": 0}, {"name": "show_help", "type": "STRING", "links": [3792], "shape": 3, "slot_index": 1, "label": "help"}], "title": "VAE Namer", "properties": {"Node name for S&R": "CR String To Combo"}, "widgets_values": [""], "color": "#363636", "bgcolor": "#222222"}, {"id": 86, "type": "vae_loader", "pos": [420, 190], "size": {"0": 210, "1": 80}, "flags": {"collapsed": false, "pinned": true}, "order": 5, "mode": 0, "outputs": [{"name": "VAE", "type": "VAE", "links": [3776, 4169, 4170], "shape": 3, "slot_index": 0}, {"name": "VAE Name", "type": "STRING", "links": [2034], "shape": 3, "slot_index": 1, "label": "VAE_NAME"}], "title": "Alternate VAE", "properties": {"Node name for S&R": "vae_loader"}, "widgets_values": ["xl\\xlVAEC_f1.safetensors"], "color": "#363636", "bgcolor": "#222222"}, {"id": 460, "type": "workflow/CLIP w/Text (WLSH)", "pos": [190, 680], "size": {"0": 430, "1": 160}, "flags": {"collapsed": false, "pinned": true}, "order": 19, "mode": 0, "inputs": [{"name": "clip", "type": "CLIP", "link": 4130, "slot_index": 0}, {"name": "width", "type": "INT", "link": 4137, "widget": {"name": "width"}}, {"name": "height", "type": "INT", "link": 4138, "widget": {"name": "height"}}], "outputs": [{"name": "negative", "type": "CONDITIONING", "links": [3330], "shape": 3, "slot_index": 0}, {"name": "negative_text", "type": "STRING", "links": [3332], "shape": 3, "label": "-", "slot_index": 1}], "properties": {"Node name for S&R": "workflow/CLIP w/Text (WLSH)"}, "widgets_values": ["", "", "SDXL", 0, 1024], "color": "#363636", "bgcolor": "#222222"}, {"id": 549, "type": "CR String To Combo", "pos": [400, 100], "size": {"0": 210, "1": 54}, "flags": {"collapsed": true, "pinned": true}, "order": 15, "mode": 0, "inputs": [{"name": "text", "type": "STRING", "link": 1546, "widget": {"name": "text"}}], "outputs": [{"name": "any", "type": "*", "links": [1547], "shape": 3, "slot_index": 0}, {"name": "show_help", "type": "STRING", "links": null, "shape": 3}], "title": "ModelName", "properties": {"Node name for S&R": "CR String To Combo"}, "widgets_values": [""], "color": "#363636", "bgcolor": "#222222"}, {"id": 435, "type": "workflow/DetectorStack", "pos": [170, 580], "size": {"0": 210, "1": 170}, "flags": {"collapsed": true, "pinned": true}, "order": 6, "mode": 0, "outputs": [{"name": "BBOX_DETECTOR", "type": "BBOX_DETECTOR", "links": [3615], "shape": 3, "slot_index": 0, "label": "BBOX"}, {"name": "SAM_MODEL", "type": "SAM_MODEL", "links": [3616], "shape": 3, "slot_index": 1, "label": "SAM"}, {"name": "SEGM_DETECTOR", "type": "SEGM_DETECTOR", "links": [3617, 3796], "shape": 3, "slot_index": 2, "label": "SEGM"}], "properties": {"Node name for S&R": "workflow/DetectorStack"}, "widgets_values": ["bbox/face_yolov8n_v2.pt", "sam_vit_b_01ec64.pth", "Prefer GPU", "segm/face_yolov8n-seg2_60.pt"], "color": "#363636", "bgcolor": "#222222"}, {"id": 657, "type": "Fast Bypasser (rgthree)", "pos": {"0": 640, "1": 430, "2": 0, "3": 0, "4": 0, "5": 0, "6": 0, "7": 0, "8": 0, "9": 0}, "size": {"0": 220, "1": 390}, "flags": {"pinned": true, "collapsed": false}, "order": 29, "mode": 0, "inputs": [{"name": "Alternate VAE", "type": "*", "link": 3776, "dir": 3, "has_old_label": false}, {"name": "VAE Namer", "type": "*", "link": 3792, "dir": 3, "has_old_label": false}, {"name": "CLIP XL+", "type": "*", "link": 3793, "dir": 3, "has_old_label": false}, {"name": "CLIP 1.5+", "type": "*", "link": 3794, "dir": 3, "has_old_label": false}, {"name": "FD Wildcard", "type": "*", "link": 3795, "dir": 3, "has_old_label": false}, {"name": "DetectorStack", "type": "*", "link": 3796, "dir": 3, "has_old_label": false}, {"name": "FaceDetailer", "type": "*", "link": 3797, "dir": 3, "has_old_label": false}, {"name": "", "type": "*", "link": null, "dir": 3, "has_old_label": false}], "outputs": [{"name": "OPT_CONNECTION", "type": "*", "links": null, "dir": 4, "label": "OPT", "has_old_label": false}], "title": "I/O", "properties": {"toggleRestriction": "default", "connections_layout": ["Left", "Right"]}, "color": "#363636", "bgcolor": "#222222"}, {"id": 664, "type": "MarasitAnyBusNode", "pos": [650, 390], "size": {"0": 210, "1": 490}, "flags": {"collapsed": true, "pinned": true}, "order": 21, "mode": 0, "inputs": [{"name": "bus", "type": "BUS", "link": null}, {"name": "* 01 - model", "type": "MODEL", "link": 3775, "label": "model"}, {"name": "* 02 - clip", "type": "CLIP", "link": 3329, "label": "clip"}, {"name": "* 03 - vae", "type": "VAE", "link": 3844, "label": "default_vae"}, {"name": "* 04 - vae", "type": "*", "link": 4167, "label": "opt_vae"}, {"name": "* 05 - latent", "type": "LATENT", "link": 3375, "label": "latent"}, {"name": "* 06 - pos+", "type": "*", "link": 4153, "label": "+positive", "slot_index": 6}, {"name": "* 07 - negative", "type": "CONDITIONING", "link": 3330, "label": "-negative"}, {"name": "* 08 - steps", "type": "INT", "link": 3333, "label": "step", "slot_index": 8}, {"name": "* 09 - refiner_step", "type": "INT", "link": 3334, "label": "r_step"}, {"name": "* 10 - cfg", "type": "FLOAT", "link": 3335, "label": "cfg"}, {"name": "* 11 - +", "type": "*", "link": 4133, "label": "+"}, {"name": "* 12 - negative_text", "type": "STRING", "link": 3332, "label": "-"}, {"name": "* 13 - width", "type": "INT", "link": 3407, "label": "width", "slot_index": 13}, {"name": "* 14 - height", "type": "INT", "link": 3408, "label": "height", "slot_index": 14}, {"name": "* 15 - upscale_factor", "type": "FLOAT", "link": 3633, "label": "upscale"}, {"name": "* 16 - text", "type": "*", "link": 3613, "label": "wildcard"}, {"name": "* 17 - bbox_detector", "type": "BBOX_DETECTOR", "link": 3615, "label": "bbox"}, {"name": "* 18 - sam_model", "type": "SAM_MODEL", "link": 3616, "slot_index": 18, "label": "sam"}, {"name": "* 19 - segm_detector", "type": "SEGM_DETECTOR", "link": 3617, "label": "segm"}], "outputs": [{"name": "bus", "type": "BUS", "links": null, "shape": 3}, {"name": "* 01 - model", "type": "MODEL", "links": [3342, 3809, 3813], "shape": 3, "label": "MODEL", "slot_index": 1}, {"name": "* 02 - clip", "type": "CLIP", "links": [3343], "shape": 3, "label": "CLIP", "slot_index": 2}, {"name": "* 03 - vae", "type": "VAE", "links": [], "shape": 3, "label": "D_VAE", "slot_index": 3}, {"name": "* 04 - vae", "type": "*", "links": [3788, 3789], "shape": 3, "label": "O_VAE", "slot_index": 4}, {"name": "* 05 - latent", "type": "LATENT", "links": [3345], "shape": 3, "label": "LATENT", "slot_index": 5}, {"name": "* 06 - pos+", "type": "*", "links": [3346, 3347], "label": "POSITIVE+", "slot_index": 6}, {"name": "* 07 - negative", "type": "CONDITIONING", "links": [3348, 3349], "label": "NEGATIVE-", "slot_index": 7}, {"name": "* 08 - steps", "type": "INT", "links": [3350, 3376], "label": "STEP", "slot_index": 8}, {"name": "* 09 - refiner_step", "type": "INT", "links": [3352], "label": "R_STEP", "slot_index": 9}, {"name": "* 10 - cfg", "type": "FLOAT", "links": [3369, 3370, 3372], "label": "CFG", "slot_index": 10}, {"name": "* 11 - +", "type": "*", "links": [3354], "label": "+", "slot_index": 11}, {"name": "* 12 - negative_text", "type": "STRING", "links": [3355], "label": "-", "slot_index": 12}, {"name": "* 13 - width", "type": "INT", "links": [3356, 4015], "label": "WIDTH", "slot_index": 13}, {"name": "* 14 - height", "type": "INT", "links": [3406], "slot_index": 14, "label": "HEIGHT"}, {"name": "* 15 - upscale_factor", "type": "FLOAT", "links": [3635], "label": "UPSCALE", "slot_index": 15}, {"name": "* 16 - text", "type": "*", "links": [3614], "slot_index": 16, "label": "wildcard"}, {"name": "* 17 - bbox_detector", "type": "BBOX_DETECTOR", "links": [3618], "slot_index": 17, "label": "bbox"}, {"name": "* 18 - sam_model", "type": "SAM_MODEL", "links": [3619], "slot_index": 18, "label": "sam"}, {"name": "* 19 - segm_detector", "type": "SEGM_DETECTOR", "links": [3620], "slot_index": 19, "label": "segm"}], "title": "\u221e", "properties": {"Profile": "\u221e", "prevProfileName": "\u221e", "Nb Inputs": 19, "Node name for S&R": "MarasitAnyBusNode", "uuid": 664}, "widgets_values": ["\u221e", 19, null], "color": "#363636", "bgcolor": "#222222", "shape": 4}, {"id": 90, "type": "PromptBuilder //Inspire", "pos": [190, 430], "size": {"0": 440, "1": 210}, "flags": {"pinned": true, "collapsed": false}, "order": 7, "mode": 0, "outputs": [{"name": "STRING", "type": "STRING", "links": [4140], "shape": 3, "slot_index": 0, "label": "+"}], "properties": {"Node name for S&R": "PromptBuilder //Inspire"}, "widgets_values": ["Angle of View", "#PRESET", "<lora:xl\\add-detail-xl.safetensors:1.0>, macro photography, a dewy leaf inhabited by a city"], "color": "#363636", "bgcolor": "#222222"}, {"id": 750, "type": "workflow/PosBranch", "pos": [400, 310], "size": {"0": 210, "1": 100}, "flags": {"collapsed": true, "pinned": true}, "order": 20, "mode": 0, "inputs": [{"name": "sig_cons", "type": "*", "link": 4154}, {"name": "opt", "type": "*", "link": 4155}, {"name": "t_opt", "type": "*", "link": 4156}], "outputs": [{"name": "POS+", "type": "*", "links": [4153], "shape": 3}], "properties": {"Node name for S&R": "workflow/PosBranch"}, "widgets_values": [true], "color": "#363636", "bgcolor": "#222222"}, {"id": 76, "type": "GlobalSampler //Inspire", "pos": [420, 310], "size": {"0": 210, "1": 82}, "flags": {"collapsed": false, "pinned": true}, "order": 8, "mode": 0, "properties": {"Node name for S&R": "GlobalSampler //Inspire"}, "widgets_values": ["uni_pc", "karras"], "color": "#363636", "bgcolor": "#222222"}, {"id": 751, "type": "workflow/VAEBranch", "pos": [400, 30], "size": {"0": 210, "1": 100}, "flags": {"collapsed": true, "pinned": true}, "order": 14, "mode": 0, "inputs": [{"name": "sig_cons", "type": "*", "link": 4168}, {"name": "opt", "type": "*", "link": 4169}, {"name": "t_opt", "type": "*", "link": 4170}], "outputs": [{"name": "VAE", "type": "*", "links": [4167], "shape": 3}], "properties": {"Node name for S&R": "workflow/VAEBranch"}, "widgets_values": [true], "color": "#363636", "bgcolor": "#222222"}, {"id": 129, "type": "Checkpoint Loader w/Name (WLSH)", "pos": [420, 30], "size": {"0": 210, "1": 120}, "flags": {"collapsed": false, "pinned": true}, "order": 9, "mode": 0, "outputs": [{"name": "MODEL", "type": "MODEL", "links": [3775], "shape": 3, "slot_index": 0}, {"name": "CLIP", "type": "CLIP", "links": [3329, 4139], "shape": 3, "slot_index": 1}, {"name": "VAE", "type": "VAE", "links": [3844, 4168], "shape": 3, "slot_index": 2}, {"name": "modelname", "type": "STRING", "links": [1546], "shape": 3, "slot_index": 3, "label": "MODEL_NAME"}], "title": "CkptLoader(WLSH)", "properties": {"Node name for S&R": "Checkpoint Loader w/Name (WLSH)"}, "widgets_values": ["xl\\SSD-1B.safetensors"], "color": "#363636", "bgcolor": "#222222"}, {"id": 595, "type": "workflow/ConfigStack", "pos": [190, 30], "size": {"0": 210, "1": 322}, "flags": {"pinned": true, "collapsed": false}, "order": 10, "mode": 0, "outputs": [{"name": "STEPS", "type": "INT", "links": [3333], "shape": 3, "slot_index": 0}, {"name": "REFINER_STEP", "type": "INT", "links": [3334], "shape": 3, "slot_index": 1}, {"name": "CFG", "type": "FLOAT", "links": [3335], "shape": 3, "slot_index": 2}, {"name": "WIDTH", "type": "INT", "links": [3407, 4141], "shape": 3, "slot_index": 3}, {"name": "HEIGHT", "type": "INT", "links": [3408, 4142], "shape": 3, "slot_index": 4}, {"name": "UPSCALE_FACTOR", "type": "FLOAT", "links": [3633], "shape": 3, "slot_index": 5}, {"name": "LATENT", "type": "LATENT", "links": [3375], "shape": 3, "slot_index": 6}], "properties": {"Node name for S&R": "workflow/ConfigStack"}, "widgets_values": [20, 10, 4, "euler", "normal", 1024, 1024, "SDXL - 3:2 landscape 1216x832", "Off", 2, 1, 1], "color": "#363636", "bgcolor": "#222222"}, {"id": 652, "type": "workflow/RerouteStack", "pos": [750, 390], "size": {"0": 140, "1": 130}, "flags": {"collapsed": true, "pinned": true}, "order": 28, "mode": 0, "inputs": [{"name": "", "type": "*", "link": 3628, "label": "detailer", "slot_index": 0}, {"name": "ReroutePrimitive|pysssss value", "type": "*", "link": 3629, "label": "upscale"}, {"name": "ReroutePrimitive|pysssss 2 value", "type": "*", "link": 3801, "label": "vmem"}, {"name": "ReroutePrimitive|pysssss 3 value", "type": "*", "link": null, "label": "*", "slot_index": 3}, {"name": "ReroutePrimitive|pysssss 4 value", "type": "*", "link": null, "label": "*"}, {"name": "ReroutePrimitive|pysssss 5 value", "type": "*", "link": null, "label": "*", "slot_index": 5}], "outputs": [{"name": "value", "type": "*", "links": [3797], "shape": 3, "slot_index": 0, "label": "BYPASS"}, {"name": "ReroutePrimitive|pysssss value", "type": "*", "links": null, "shape": 3, "slot_index": 1, "label": "*"}, {"name": "ReroutePrimitive|pysssss 2 value", "type": "*", "links": [], "shape": 3, "slot_index": 2, "label": "*"}, {"name": "ReroutePrimitive|pysssss 3 value", "type": "*", "links": [], "shape": 3, "slot_index": 3, "label": "*"}, {"name": "ReroutePrimitive|pysssss 4 value", "type": "*", "links": [], "shape": 3, "slot_index": 4, "label": "*"}, {"name": "ReroutePrimitive|pysssss 5 value", "type": "*", "links": [], "shape": 3, "slot_index": 5, "label": "*"}], "title": "|", "properties": {}, "color": "#363636", "bgcolor": "#222222"}, {"id": 748, "type": "workflow/|1", "pos": [720, 390], "size": {"0": 210, "1": 120}, "flags": {"collapsed": true, "pinned": true}, "order": 33, "mode": 0, "inputs": [{"name": " latent", "type": "*", "link": 4126}, {"name": "vae_img", "type": "*", "link": 4127}, {"name": "opt", "type": "*", "link": 4128}, {"name": "t_opt", "type": "*", "link": 4129}], "outputs": [{"name": "LATENT", "type": "*", "links": [4120, 4121], "shape": 3}, {"name": "DETAILER", "type": "*", "links": [4123, 4124], "shape": 3}, {"name": "UPSCALE", "type": "*", "links": [4125], "shape": 3}], "properties": {"Node name for S&R": "workflow/|1"}, "widgets_values": [true], "color": "#363636", "bgcolor": "#222222"}, {"id": 749, "type": "workflow/|3", "pos": [580, 390], "size": {"0": 140, "1": 90}, "flags": {"collapsed": true, "pinned": true}, "order": 16, "mode": 0, "inputs": [{"name": " clip", "type": "*", "link": 4139}, {"name": " +", "type": "*", "link": 4140}, {"name": " width", "type": "*", "link": 4141}, {"name": " height", "type": "*", "link": 4142}], "outputs": [{"name": "CLIP", "type": "*", "links": [4130, 4131, 4132], "shape": 3}, {"name": "+", "type": "*", "links": [4133, 4134, 4135, 4136], "shape": 3}, {"name": "WIDTH", "type": "*", "links": [4137], "shape": 3}, {"name": "HEIGHT", "type": "*", "links": [4138], "shape": 3, "slot_index": 3}], "title": "|", "properties": {}, "color": "#363636", "bgcolor": "#222222"}, {"id": 548, "type": "Note", "pos": [630, 30], "size": {"0": 220, "1": 390}, "flags": {"pinned": true, "collapsed": true}, "order": 11, "mode": 0, "title": "Data", "properties": {"text": ""}, "widgets_values": ["[ctrl-a:SELECT ALL][alt c:COLLAPSE]\n\ncalculate_hash // false\ncontrol_before_gen // true\nseed action // fixed\nbatch_size // 1\nsupersample // false\n\n[ S T A G E  1 ]\n-facedetail & upscale off\n-revise prompt/sampler/seed\n-moderate step/batch/prompt size\n[ S T A G E  2 ]\n-edit flow beginning at VRAMs \n-facedetail on, upscale off\n-perform inpainting needs\n-moderate guide sizes\n[ S T A G E  3 ]\n-edit flow beginning at VRAM step \n-facedetail off, upscale on\n-moderate rescale factor\n\n[ C H A N G E  M O D E L  V E R ]\n-adjust aspect, vae, clips, vaenamer\n\n[ C U D A  O U T  O F  M E M ]\n- toggle on vmemmgmt\n- look beneath sdpromptsaver\n- toggle gc_collect/unload\n- run, then toggle again\n- don't empty cache after sampler"], "color": "#363636", "bgcolor": "#222222"}, {"id": 660, "type": "0246.RandomInt", "pos": [640, 30], "size": {"0": 220, "1": 330}, "flags": {"collapsed": false, "pinned": true}, "order": 12, "mode": 0, "outputs": [{"name": "rand_int", "type": "INT", "links": [3118, 3361, 3816, 3817], "shape": 6, "slot_index": 0}], "title": "Seed", "properties": {"Node name for S&R": "0246.RandomInt"}, "widgets_values": ["3347209787", 1000000000, 9999999999, 1, "keep", 559032847642151, "fixed", null, null, null, "0: Value: {3347209787}, Seed: -972680096396556, Track: bf2d56f8-93ab-4a35-9f0c-ada89a6b199a\n\n"], "color": "#363636", "bgcolor": "#222222"}], "links": [[849, 46, 0, 295, 0, "*"], [1546, 129, 3, 549, 0, "STRING"], [1547, 549, 0, 46, 2, "COMBO"], [1549, 551, 0, 46, 7, "COMBO"], [1735, 240, 0, 46, 0, "IMAGE"], [2034, 86, 1, 551, 0, "STRING"], [3118, 660, 0, 206, 7, "INT"], [3329, 129, 1, 664, 2, "CLIP"], [3330, 460, 0, 664, 7, "CONDITIONING"], [3332, 460, 1, 664, 12, "STRING"], [3333, 595, 0, 664, 8, "INT"], [3334, 595, 1, 664, 9, "INT"], [3335, 595, 2, 664, 10, "FLOAT"], [3342, 664, 1, 430, 1, "MODEL"], [3343, 664, 2, 430, 2, "CLIP"], [3345, 664, 5, 206, 3, "LATENT"], [3346, 664, 6, 430, 4, "CONDITIONING"], [3347, 664, 6, 206, 1, "CONDITIONING"], [3348, 664, 7, 206, 2, "CONDITIONING"], [3349, 664, 7, 430, 5, "CONDITIONING"], [3350, 664, 8, 206, 5, "INT"], [3352, 664, 9, 430, 10, "INT"], [3354, 664, 11, 46, 5, "STRING"], [3355, 664, 12, 46, 6, "STRING"], [3356, 664, 13, 46, 8, "INT"], [3361, 660, 0, 430, 13, "INT"], [3369, 664, 10, 206, 6, "FLOAT"], [3370, 664, 10, 46, 4, "FLOAT"], [3372, 664, 10, 430, 11, "FLOAT"], [3375, 595, 6, 664, 5, "LATENT"], [3376, 664, 8, 46, 3, "INT"], [3406, 664, 14, 46, 9, "INT"], [3407, 595, 3, 664, 13, "*"], [3408, 595, 4, 664, 14, "*"], [3613, 582, 0, 664, 16, "*"], [3614, 664, 16, 430, 12, "STRING"], [3615, 435, 0, 664, 17, "*"], [3616, 435, 1, 664, 18, "*"], [3617, 435, 2, 664, 19, "*"], [3618, 664, 17, 430, 6, "BBOX_DETECTOR"], [3619, 664, 18, 430, 7, "SAM_MODEL"], [3620, 664, 19, 430, 8, "SEGM_DETECTOR"], [3628, 430, 4, 652, 0, "*"], [3629, 240, 1, 652, 1, "*"], [3633, 595, 5, 664, 15, "*"], [3635, 664, 15, 240, 1, "FLOAT"], [3766, 687, 3, 709, 0, "INT"], [3767, 687, 4, 709, 1, "INT"], [3769, 709, 0, 711, 0, "*"], [3775, 129, 0, 664, 1, "*"], [3776, 86, 0, 657, 0, "*"], [3788, 664, 4, 430, 3, "VAE"], [3789, 664, 4, 484, 1, "VAE"], [3792, 551, 1, 657, 1, "*"], [3793, 85, 0, 657, 2, "*"], [3794, 590, 0, 657, 3, "*"], [3795, 582, 1, 657, 4, "*"], [3796, 435, 2, 657, 5, "*"], [3797, 652, 0, 657, 6, "*"], [3801, 687, 2, 652, 2, "*"], [3809, 664, 1, 687, 2, "MODEL"], [3813, 664, 1, 206, 0, "MODEL"], [3816, 660, 0, 46, 1, "*"], [3817, 660, 0, 46, 10, "INT"], [3844, 129, 2, 664, 3, "*"], [4015, 664, 13, 240, 2, "INT"], [4120, 748, 0, 484, 0, "LATENT"], [4121, 748, 0, 687, 0, "*"], [4123, 748, 1, 430, 0, "IMAGE"], [4124, 748, 1, 687, 1, "IMAGE"], [4125, 748, 2, 240, 0, "IMAGE"], [4126, 206, 0, 748, 0, "*"], [4127, 484, 0, 748, 1, "*"], [4128, 430, 0, 748, 2, "*"], [4129, 430, 0, 748, 3, "*"], [4130, 749, 0, 460, 0, "CLIP"], [4131, 749, 0, 85, 0, "CLIP"], [4132, 749, 0, 590, 0, "CLIP"], [4133, 749, 1, 664, 11, "*"], [4134, 749, 1, 590, 1, "STRING"], [4135, 749, 1, 85, 1, "STRING"], [4136, 749, 1, 85, 2, "STRING"], [4137, 749, 2, 460, 1, "INT"], [4138, 749, 3, 460, 2, "INT"], [4139, 129, 1, 749, 0, "*"], [4140, 90, 0, 749, 1, "*"], [4141, 595, 3, 749, 2, "*"], [4142, 595, 4, 749, 3, "*"], [4153, 750, 0, 664, 6, "*"], [4154, 85, 0, 750, 0, "*"], [4155, 590, 0, 750, 1, "*"], [4156, 590, 0, 750, 2, "*"], [4167, 751, 0, 664, 4, "*"], [4168, 129, 2, 751, 0, "*"], [4169, 86, 0, 751, 1, "*"], [4170, 86, 0, 751, 2, "*"]], "groups": [], "config": {}, "extra": {"0246.VERSION": [0, 0, 4], "groupNodes": {"DetectorStack": {"nodes": [{"type": "UltralyticsDetectorProvider", "pos": [470, 700], "size": {"0": 230, "1": 80}, "flags": {}, "order": 16, "mode": 0, "outputs": [{"name": "BBOX_DETECTOR", "type": "BBOX_DETECTOR", "links": null, "shape": 3}, {"name": "SEGM_DETECTOR", "type": "SEGM_DETECTOR", "links": null, "shape": 3}], "properties": {"Node name for S&R": "UltralyticsDetectorProvider"}, "widgets_values": ["bbox/face_yolov8n.pt"], "index": 0}, {"type": "SAMLoader", "pos": [480, 820], "size": {"0": 210, "1": 80}, "flags": {}, "order": 17, "mode": 0, "outputs": [{"name": "SAM_MODEL", "type": "SAM_MODEL", "links": null, "shape": 3}], "properties": {"Node name for S&R": "SAMLoader"}, "widgets_values": ["sam_vit_b_01ec64.pth", "AUTO"], "index": 1}, {"type": "UltralyticsDetectorProvider", "pos": [470, 930], "size": {"0": 230, "1": 80}, "flags": {}, "order": 18, "mode": 0, "outputs": [{"name": "BBOX_DETECTOR", "type": "BBOX_DETECTOR", "links": null, "shape": 3}, {"name": "SEGM_DETECTOR", "type": "SEGM_DETECTOR", "links": null, "shape": 3}], "properties": {"Node name for S&R": "UltralyticsDetectorProvider"}, "widgets_values": ["bbox/face_yolov8n.pt"], "index": 2}], "links": [], "external": [], "config": {"0": {"input": {"model_name": {"name": "   "}}, "output": {"1": {"visible": false}}}, "1": {"input": {"model_name": {"name": "  "}}}, "2": {"input": {"model_name": {"name": " "}}, "output": {"0": {"visible": false}}}}}, "CLIP w/Text (WLSH)": {"nodes": [{"type": "CLIP +/- w/Text Unified (WLSH)", "pos": [390, 730], "size": {"0": 390, "1": 260}, "flags": {}, "order": 15, "mode": 0, "inputs": [{"name": "clip", "type": "CLIP", "link": null}], "outputs": [{"name": "positive", "type": "CONDITIONING", "links": null, "shape": 3}, {"name": "negative", "type": "CONDITIONING", "links": null, "shape": 3}, {"name": "positive_text", "type": "STRING", "links": null, "shape": 3}, {"name": "negative_text", "type": "STRING", "links": null, "shape": 3}], "properties": {"Node name for S&R": "CLIP +/- w/Text Unified (WLSH)"}, "widgets_values": ["", "", "SDXL", 1024, 1024], "index": 0}, {"type": "ImpactDummyInput", "pos": [560, 990], "size": {"0": 210, "1": 26}, "flags": {}, "order": 16, "mode": 0, "outputs": [{"name": "*", "type": "*", "links": null, "shape": 3}], "properties": {"Node name for S&R": "ImpactDummyInput"}, "index": 1}], "links": [], "external": [], "config": {"0": {"input": {"positive": {"visible": false}}, "output": {"0": {"visible": false}, "2": {"visible": false}}}, "1": {"output": {"0": {"visible": false}}}}}, "ConfigStack": {"nodes": [{"type": "KSampler Config (rgthree)", "pos": [400, 30], "size": {"0": 210, "1": 230}, "flags": {"collapsed": false}, "order": 14, "mode": 0, "outputs": [{"name": "STEPS", "type": "INT", "links": [], "shape": 3, "slot_index": 0}, {"name": "REFINER_STEP", "type": "INT", "links": [], "shape": 3, "slot_index": 1}, {"name": "CFG", "type": "FLOAT", "links": [], "shape": 3, "slot_index": 2}, {"name": "SAMPLER", "type": "COMBO", "links": null, "shape": 3}, {"name": "SCHEDULER", "type": "COMBO", "links": null, "shape": 3}], "properties": {"Node name for S&R": "KSampler Config (rgthree)"}, "widgets_values": [35, 10, 5, "euler", "normal"], "index": 0}, {"type": "CR Aspect Ratio", "pos": [400, 220], "size": {"0": 210, "1": 320}, "flags": {}, "order": 15, "mode": 0, "outputs": [{"name": "width", "type": "INT", "links": [], "shape": 3}, {"name": "height", "type": "INT", "links": [], "shape": 3}, {"name": "upscale_factor", "type": "FLOAT", "links": null, "shape": 3}, {"name": "prescale_factor", "type": "FLOAT", "links": null, "shape": 3}, {"name": "batch_size", "type": "INT", "links": null, "shape": 3}, {"name": "empty_latent", "type": "LATENT", "links": [], "shape": 3}, {"name": "show_help", "type": "STRING", "links": null, "shape": 3}], "properties": {"Node name for S&R": "CR Aspect Ratio"}, "widgets_values": [1024, 1024, "SDXL - 21:9 landscape 1536x640", "Off", 1, 1, 1], "index": 1}], "links": [], "external": [[0, 0, "INT"], [0, 1, "INT"], [0, 2, "FLOAT"], [1, 0, "INT"], [1, 1, "INT"], [1, 5, "LATENT"]], "config": {"0": {"input": {"sampler_name": {"visible": false}, "scheduler": {"visible": false}, "steps_total": {"name": "steps"}}, "output": {"3": {"visible": false}, "4": {"visible": false}}}, "1": {"output": {"0": {"name": "WIDTH"}, "1": {"name": "HEIGHT"}, "2": {"visible": true, "name": "UPSCALE_FACTOR"}, "3": {"visible": false}, "4": {"visible": false}, "5": {"name": "LATENT"}, "6": {"visible": false}}, "input": {"upscale_factor": {"visible": true}, "prescale_factor": {"visible": false}, "batch_size": {"visible": false}, "swap_dimensions": {"visible": false}}}}}, "RerouteStack": {"nodes": [{"type": "ReroutePrimitive|pysssss", "pos": [590, 410], "size": [75, 26], "flags": {}, "order": 17, "mode": 0, "inputs": [{"name": "value", "type": "*", "link": null, "label": "", "slot_index": 0}], "outputs": [{"name": "*", "type": "*", "links": null, "shape": 3, "label": "value"}], "properties": {"Node name for S&R": "ReroutePrimitive|pysssss"}, "index": 0}, {"type": "ReroutePrimitive|pysssss", "pos": [590, 440], "size": [75, 26], "flags": {}, "order": 18, "mode": 0, "inputs": [{"name": "value", "type": "*", "link": null, "label": ""}], "outputs": [{"name": "*", "type": "*", "links": null, "shape": 3, "label": "value"}], "properties": {"Node name for S&R": "ReroutePrimitive|pysssss"}, "index": 1}, {"type": "ReroutePrimitive|pysssss", "pos": [590, 470], "size": [75, 26], "flags": {}, "order": 19, "mode": 0, "inputs": [{"name": "value", "type": "*", "link": null, "label": ""}], "outputs": [{"name": "*", "type": "*", "links": null, "shape": 3, "label": "value"}], "properties": {"Node name for S&R": "ReroutePrimitive|pysssss"}, "index": 2}, {"type": "ReroutePrimitive|pysssss", "pos": [590, 500], "size": [75, 26], "flags": {}, "order": 20, "mode": 0, "inputs": [{"name": "value", "type": "*", "link": null, "label": ""}], "outputs": [{"name": "*", "type": "*", "links": null, "shape": 3, "label": "value"}], "properties": {"Node name for S&R": "ReroutePrimitive|pysssss"}, "index": 3}, {"type": "ReroutePrimitive|pysssss", "pos": [590, 560], "size": [75, 26], "flags": {}, "order": 21, "mode": 0, "inputs": [{"name": "value", "type": "*", "link": null, "label": ""}], "outputs": [{"name": "*", "type": "*", "links": null, "shape": 3, "label": "value"}], "properties": {"Node name for S&R": "ReroutePrimitive|pysssss"}, "index": 4}, {"type": "ReroutePrimitive|pysssss", "pos": [590, 530], "size": [75, 26], "flags": {}, "order": 22, "mode": 0, "inputs": [{"name": "value", "type": "*", "link": null, "label": ""}], "outputs": [{"name": "*", "type": "*", "links": null, "shape": 3, "label": "value"}], "properties": {"Node name for S&R": "ReroutePrimitive|pysssss"}, "index": 5}], "links": [], "external": []}, "|1": {"nodes": [{"type": "ReroutePrimitive|pysssss", "pos": [730, 390], "size": [80.4, 26], "flags": {"collapsed": false}, "order": 28, "mode": 0, "inputs": [{"name": "value", "type": "*", "link": null, "label": " ", "slot_index": 0}], "outputs": [{"name": "*", "type": "LATENT", "links": [], "shape": 3, "label": "LATENT", "slot_index": 0}], "title": "LATENT", "properties": {"Node name for S&R": "ReroutePrimitive|pysssss"}, "color": "#363636", "bgcolor": "#222222", "index": 0}, {"type": "ReroutePrimitive|pysssss", "pos": [730, 420], "size": [75, 26], "flags": {}, "order": 30, "mode": 0, "inputs": [{"name": "value", "type": "*", "link": null, "label": " ", "slot_index": 0}], "outputs": [{"name": "*", "type": "IMAGE", "links": [], "shape": 3, "label": "IMAGE", "slot_index": 0}], "title": "vae_img", "properties": {"Node name for S&R": "ReroutePrimitive|pysssss"}, "color": "#363636", "bgcolor": "#222222", "index": 1}, {"type": "ImpactIfNone", "pos": [740, 480], "size": {"0": 170, "1": 50}, "flags": {"collapsed": false}, "order": 33, "mode": 0, "inputs": [{"name": "signal", "type": "*", "link": null, "label": "sig_cons"}, {"name": "any_input", "type": "*", "link": null, "label": "opt"}], "outputs": [{"name": "signal_opt", "type": "*", "links": [], "shape": 3, "slot_index": 0, "label": "sig_cons"}, {"name": "bool", "type": "BOOLEAN", "links": [], "shape": 3, "slot_index": 1}], "title": "C1", "properties": {"Node name for S&R": "ImpactIfNone"}, "color": "#363636", "bgcolor": "#222222", "index": 2}, {"type": "ImpactConditionalBranchSelMode", "pos": [750, 560], "size": {"0": 210, "1": 100}, "flags": {"collapsed": false}, "order": 35, "mode": 0, "inputs": [{"name": "tt_value", "type": "IMAGE", "link": null, "label": "t_opt"}, {"name": "ff_value", "type": "IMAGE", "link": null, "label": "f_cons"}, {"name": "cond", "type": "BOOLEAN", "link": null, "widget": {"name": "cond"}}], "outputs": [{"name": "*", "type": "IMAGE", "links": [], "shape": 3, "label": "IMAGE", "slot_index": 0}], "title": "Branch", "properties": {"Node name for S&R": "ImpactConditionalBranchSelMode"}, "widgets_values": [false, true], "color": "#363636", "bgcolor": "#222222", "index": 3}], "links": [[null, 0, 0, 0, 206, "LATENT"], [null, 0, 1, 0, 484, "IMAGE"], [1, 0, 2, 0, 726, "IMAGE"], [null, 0, 2, 1, 430, "IMAGE"], [null, 0, 3, 0, 430, "IMAGE"], [2, 0, 3, 1, 727, "*"], [2, 1, 3, 2, 727, "BOOLEAN"]], "external": [[0, 0, "LATENT"], [1, 0, "IMAGE"], [3, 0, "IMAGE"]], "config": {"0": {"input": {"value": {"name": " latent"}}, "output": {"0": {"name": "LATENT"}}}, "1": {"output": {"0": {"name": "DETAILER"}}, "input": {"value": {"name": "vae_img"}}}, "3": {"output": {"0": {"name": "UPSCALE"}}, "input": {"sel_mode": {"name": "mode"}}}}}, "|2": {"nodes": [{"type": "ReroutePrimitive|pysssss", "pos": [550, 390], "size": [75, 26], "flags": {"collapsed": false, "pinned": false}, "order": 13, "mode": 0, "inputs": [{"name": "value", "type": "*", "link": null, "label": " ", "slot_index": 0}], "outputs": [{"name": "*", "type": "CLIP", "links": [], "shape": 3, "label": "CLIP", "slot_index": 0}], "properties": {"Node name for S&R": "ReroutePrimitive|pysssss"}, "color": "#363636", "bgcolor": "#222222", "index": 0}, {"type": "ReroutePrimitive|pysssss", "pos": [550, 420], "size": [75, 26], "flags": {}, "order": 16, "mode": 0, "inputs": [{"name": "value", "type": "*", "link": null, "label": " "}], "outputs": [{"name": "*", "type": "STRING", "links": [], "shape": 3, "label": "STRING", "slot_index": 0}], "properties": {"Node name for S&R": "ReroutePrimitive|pysssss"}, "color": "#363636", "bgcolor": "#222222", "index": 1}], "links": [[null, 1, 0, 0, 129, "CLIP"], [null, 0, 1, 0, 90, "STRING"]], "external": [[0, 0, "CLIP"], [1, 0, "STRING"]], "config": {"0": {"input": {"value": {"name": " clip"}}, "output": {"0": {"name": "CLIP"}}}, "1": {"output": {"0": {"name": "+"}}, "input": {"value": {"name": "+"}}}}}, "PosBranch": {"nodes": [{"type": "ImpactIfNone", "pos": [400, 260], "size": {"0": 170, "1": 50}, "flags": {"collapsed": false, "pinned": false}, "order": 21, "mode": 0, "inputs": [{"name": "signal", "type": "*", "link": null, "label": "sig_cons"}, {"name": "any_input", "type": "*", "link": null, "label": "opt"}], "outputs": [{"name": "signal_opt", "type": "*", "links": [], "shape": 3, "slot_index": 0, "label": "sig_cons"}, {"name": "bool", "type": "BOOLEAN", "links": [], "shape": 3, "slot_index": 1}], "title": "PosBranch", "properties": {"Node name for S&R": "ImpactIfNone"}, "color": "#363636", "bgcolor": "#222222", "index": 0}, {"type": "ImpactConditionalBranchSelMode", "pos": [400, 350], "size": {"0": 210, "1": 100}, "flags": {"collapsed": false}, "order": 22, "mode": 0, "inputs": [{"name": "tt_value", "type": "CONDITIONING", "link": null, "label": "t_opt"}, {"name": "ff_value", "type": "CONDITIONING", "link": null, "label": "f_cons"}, {"name": "cond", "type": "BOOLEAN", "link": null, "widget": {"name": "cond"}}], "outputs": [{"name": "*", "type": "CONDITIONING", "links": [], "shape": 3, "label": "CONDITIONING", "slot_index": 0}], "title": "Branch", "properties": {"Node name for S&R": "ImpactConditionalBranchSelMode"}, "widgets_values": [false, true], "color": "#363636", "bgcolor": "#222222", "index": 1}], "links": [[null, 0, 0, 0, 85, "CONDITIONING"], [null, 0, 0, 1, 590, "CONDITIONING"], [null, 0, 1, 0, 590, "CONDITIONING"], [0, 0, 1, 1, 672, "*"], [0, 1, 1, 2, 672, "BOOLEAN"]], "external": [[1, 0, "CONDITIONING"]], "config": {"1": {"output": {"0": {"name": "POS+"}}, "input": {"sel_mode": {"name": "mode"}}}}}, "BranchStack": {"nodes": [{"type": "ImpactIfNone", "pos": [410, 310], "size": {"0": 170, "1": 50}, "flags": {"collapsed": false, "pinned": true}, "order": 13, "mode": 0, "inputs": [{"name": "signal", "type": "*", "link": null}, {"name": "any_input", "type": "*", "link": null}], "outputs": [{"name": "signal_opt", "type": "*", "links": null, "shape": 3, "slot_index": 0}, {"name": "bool", "type": "BOOLEAN", "links": [], "shape": 3, "slot_index": 1}], "title": "C1", "properties": {"Node name for S&R": "ImpactIfNone"}, "color": "#363636", "bgcolor": "#222222", "index": 0}, {"type": "ImpactConditionalBranch", "pos": [410, 400], "size": {"0": 210, "1": 70}, "flags": {}, "order": 18, "mode": 0, "inputs": [{"name": "tt_value", "type": "*", "link": null}, {"name": "ff_value", "type": "*", "link": null}, {"name": "cond", "type": "BOOLEAN", "link": null, "widget": {"name": "cond"}}], "outputs": [{"name": "*", "type": "*", "links": null, "shape": 3}], "title": "Branch", "properties": {"Node name for S&R": "ImpactConditionalBranch"}, "widgets_values": [false], "color": "#363636", "bgcolor": "#222222", "index": 1}], "links": [[0, 1, 1, 2, 672, "BOOLEAN"]], "external": [], "config": {"0": {"input": {"any_input": {"visible": false}}, "output": {"0": {"visible": false}}}}}, "|3": {"nodes": [{"type": "ReroutePrimitive|pysssss", "pos": [570, 360], "size": [75, 26], "flags": {"collapsed": false, "pinned": false}, "order": 14, "mode": 0, "inputs": [{"name": "value", "type": "*", "link": null, "label": " clip", "slot_index": 0}], "outputs": [{"name": "*", "type": "CLIP", "links": [], "shape": 3, "label": "CLIP", "slot_index": 0}], "title": "CLIP", "properties": {"Node name for S&R": "ReroutePrimitive|pysssss"}, "color": "#363636", "bgcolor": "#222222", "index": 0}, {"type": "ReroutePrimitive|pysssss", "pos": [570, 390], "size": [75, 26], "flags": {}, "order": 17, "mode": 0, "inputs": [{"name": "value", "type": "*", "link": null, "label": " +"}], "outputs": [{"name": "*", "type": "STRING", "links": [], "shape": 3, "label": "+", "slot_index": 0}], "title": "+", "properties": {"Node name for S&R": "ReroutePrimitive|pysssss"}, "color": "#363636", "bgcolor": "#222222", "index": 1}, {"type": "ReroutePrimitive|pysssss", "pos": [570, 420], "size": [75, 26], "flags": {}, "order": 18, "mode": 0, "inputs": [{"name": "value", "type": "*", "link": null, "label": " width"}], "outputs": [{"name": "*", "type": "INT", "links": [], "shape": 3, "label": "WIDTH", "slot_index": 0}], "title": "WIDTH", "properties": {"Node name for S&R": "ReroutePrimitive|pysssss"}, "color": "#363636", "bgcolor": "#222222", "index": 2}, {"type": "ReroutePrimitive|pysssss", "pos": [570, 450], "size": [75, 26], "flags": {}, "order": 19, "mode": 0, "inputs": [{"name": "value", "type": "*", "link": null, "label": " height"}], "outputs": [{"name": "*", "type": "INT", "links": [], "shape": 3, "label": "HEIGHT", "slot_index": 0}], "title": "HEIGHT", "properties": {"Node name for S&R": "ReroutePrimitive|pysssss"}, "color": "#363636", "bgcolor": "#222222", "index": 3}], "links": [[null, 1, 0, 0, 129, "CLIP"], [null, 0, 1, 0, 90, "STRING"], [null, 3, 2, 0, 595, "INT"], [null, 4, 3, 0, 595, "INT"]], "external": [[0, 0, "CLIP"], [1, 0, "STRING"], [2, 0, "INT"], [3, 0, "INT"]]}, "VAEBranch": {"nodes": [{"type": "ImpactIfNone", "pos": [400, 30], "size": {"0": 170, "1": 50}, "flags": {"collapsed": false, "pinned": true}, "order": 14, "mode": 0, "inputs": [{"name": "signal", "type": "*", "link": null, "label": "sig_cons"}, {"name": "any_input", "type": "*", "link": null, "label": "opt"}], "outputs": [{"name": "signal_opt", "type": "*", "links": [], "shape": 3, "slot_index": 0, "label": "sig_cons"}, {"name": "bool", "type": "BOOLEAN", "links": [], "shape": 3, "slot_index": 1}], "title": "VAE", "properties": {"Node name for S&R": "ImpactIfNone"}, "color": "#363636", "bgcolor": "#222222", "index": 0}, {"type": "ImpactConditionalBranchSelMode", "pos": [400, 120], "size": {"0": 210, "1": 100}, "flags": {"collapsed": false}, "order": 17, "mode": 0, "inputs": [{"name": "tt_value", "type": "VAE", "link": null, "label": "t_opt"}, {"name": "ff_value", "type": "VAE", "link": null, "label": "f_cons"}, {"name": "cond", "type": "BOOLEAN", "link": null, "widget": {"name": "cond"}}], "outputs": [{"name": "*", "type": "VAE", "links": [], "shape": 3, "label": "VAE", "slot_index": 0}], "title": "Branch", "properties": {"Node name for S&R": "ImpactConditionalBranchSelMode"}, "widgets_values": [false, true], "color": "#363636", "bgcolor": "#222222", "index": 1}], "links": [[null, 2, 0, 0, 129, "VAE"], [null, 0, 0, 1, 86, "VAE"], [null, 0, 1, 0, 86, "VAE"], [0, 0, 1, 1, 723, "*"], [0, 1, 1, 2, 723, "BOOLEAN"]], "external": [[1, 0, "VAE"]], "config": {"1": {"input": {"sel_mode": {"name": "mode"}}}}}}, "0246.__NAME__": {}}, "version": 0.4}