{
  "5": {
    "inputs": {
      "width": [
        "33",
        0
      ],
      "height": [
        "33",
        1
      ],
      "batch_size": [
        "33",
        2
      ]
    },
    "class_type": "EmptyLatentImage",
    "_meta": {
      "title": "L"
    }
  },
  "33": {
    "inputs": {
      "aR": "3:2___XL 1216x832",
      "rotation": "landscape",
      "batch": 1,
      "steps": 24,
      "refiner_steps": 6,
      "cfg": 7.5,
      "refiner_cfg": 7.5,
      "str_denoise": 0.49,
      "scale_factor": 0.5,
      "sampler": "ddim",
      "scheduler": "ddim_uniform"
    },
    "class_type": "Selector",
    "_meta": {
      "title": "Selector"
    }
  },
  "60": {
    "inputs": {
      "model_name": "4x_foolhardy_Remacri.pth"
    },
    "class_type": "UpscaleModelLoader",
    "_meta": {
      "title": "Load⟷"
    }
  },
  "102": {
    "inputs": {
      "mode": "always",
      "volume": 0.5,
      "file": "notify.mp3",
      "any": [
        "302",
        0
      ]
    },
    "class_type": "PlaySound|pysssss",
    "_meta": {
      "title": "PlaySound    🐍"
    }
  },
  "103": {
    "inputs": {
      "message": "Operation complete.",
      "mode": "on empty queue",
      "any": [
        "102",
        0
      ]
    },
    "class_type": "SystemNotification|pysssss",
    "_meta": {
      "title": "Notify          🐍"
    }
  },
  "111": {
    "inputs": {
      "samples": [
        "367",
        0
      ],
      "vae": [
        "526",
        0
      ]
    },
    "class_type": "VAEDecode",
    "_meta": {
      "title": "Decode|"
    }
  },
  "185": {
    "inputs": {
      "image": "$185-0",
      "images": [
        "525",
        0
      ]
    },
    "class_type": "PreviewBridge",
    "_meta": {
      "title": "Preview"
    }
  },
  "194": {
    "inputs": {
      "string": "",
      "strip_newlines": true
    },
    "class_type": "StringConstantMultiline",
    "_meta": {
      "title": "G+"
    }
  },
  "203": {
    "inputs": {
      "vae_name": "xl\\lastpiecexlVAE_baseonA0897.safetensors"
    },
    "class_type": "VAELoader",
    "_meta": {
      "title": "⭕LoadVAE|"
    }
  },
  "229": {
    "inputs": {
      "stop_at_clip_layer": -2,
      "clip": [
        "514",
        0
      ]
    },
    "class_type": "CLIPSetLastLayer",
    "_meta": {
      "title": "⭕SkipXL"
    }
  },
  "254": {
    "inputs": {
      "filename_prefix": "latents/01/Stage1",
      "samples": [
        "697",
        0
      ]
    },
    "class_type": "SaveLatent",
    "_meta": {
      "title": "⭕SaveLatent |"
    }
  },
  "272": {
    "inputs": {
      "string": "person, human, blur, artifacts,people, figure, humans, animals, perspective, score_4, score_5, score_6,",
      "strip_newlines": true
    },
    "class_type": "StringConstantMultiline",
    "_meta": {
      "title": "  -  "
    }
  },
  "297": {
    "inputs": {
      "expression": "a*b",
      "a": [
        "33",
        3
      ],
      "b": [
        "33",
        8
      ]
    },
    "class_type": "MathExpression|pysssss",
    "_meta": {
      "title": "ZeroG"
    }
  },
  "302": {
    "inputs": {
      "image1": [
        "597",
        0
      ]
    },
    "class_type": "ImpactMakeImageList",
    "_meta": {
      "title": "⌥i"
    }
  },
  "308": {
    "inputs": {
      "block_number": 3,
      "downscale_factor": 2,
      "start_percent": 0,
      "end_percent": 0.35,
      "downscale_after_skip": true,
      "downscale_method": "bicubic",
      "upscale_method": "bicubic",
      "model": [
        "850",
        0
      ]
    },
    "class_type": "PatchModelAddDownscale",
    "_meta": {
      "title": "↭Koya|"
    }
  },
  "365": {
    "inputs": {
      "add_noise": true,
      "noise_seed": [
        "691",
        8
      ],
      "steps": [
        "33",
        3
      ],
      "cfg": [
        "33",
        5
      ],
      "sampler_name": [
        "33",
        9
      ],
      "scheduler": [
        "366",
        0
      ],
      "start_at_step": 4,
      "end_at_step": [
        "297",
        0
      ],
      "noise_mode": "GPU(=A1111)",
      "return_with_leftover_noise": true,
      "batch_seed_mode": "incremental",
      "variation_seed": 444355483214721,
      "variation_strength": [
        "33",
        7
      ],
      "variation_method": "linear",
      "model": [
        "691",
        1
      ],
      "positive": [
        "691",
        4
      ],
      "negative": [
        "691",
        5
      ],
      "latent_image": [
        "691",
        6
      ]
    },
    "class_type": "KSamplerAdvanced //Inspire",
    "_meta": {
      "title": "KSampAdv|A"
    }
  },
  "366": {
    "inputs": {
      "scheduler": [
        "33",
        10
      ],
      "ays_scheduler": "AYS SDXL"
    },
    "class_type": "ImpactSchedulerAdapter",
    "_meta": {
      "title": "AYS"
    }
  },
  "367": {
    "inputs": {
      "add_noise": false,
      "noise_seed": [
        "691",
        8
      ],
      "steps": [
        "33",
        3
      ],
      "cfg": 0,
      "sampler_name": [
        "33",
        9
      ],
      "scheduler": [
        "366",
        0
      ],
      "start_at_step": [
        "297",
        0
      ],
      "end_at_step": [
        "33",
        3
      ],
      "noise_mode": "GPU(=A1111)",
      "return_with_leftover_noise": false,
      "batch_seed_mode": "incremental",
      "variation_seed": 444355483214721,
      "variation_strength": [
        "33",
        7
      ],
      "variation_method": "linear",
      "model": [
        "691",
        1
      ],
      "positive": [
        "691",
        5
      ],
      "negative": [
        "691",
        5
      ],
      "latent_image": [
        "365",
        0
      ]
    },
    "class_type": "KSamplerAdvanced //Inspire",
    "_meta": {
      "title": "KSampAdv|B"
    }
  },
  "386": {
    "inputs": {
      "select": 2,
      "input": [
        "686",
        2
      ]
    },
    "class_type": "ImpactInversedSwitch",
    "_meta": {
      "title": "⭕⌥CLIP|"
    }
  },
  "422": {
    "inputs": {
      "text_l": [
        "451",
        0
      ],
      "text_g": [
        "438",
        0
      ],
      "token_normalization": "none",
      "weight_interpretation": "A1111",
      "balance": [
        "816",
        0
      ],
      "clip": [
        "229",
        0
      ]
    },
    "class_type": "BNK_CLIPTextEncodeSDXLAdvanced",
    "_meta": {
      "title": "XLPos+"
    }
  },
  "424": {
    "inputs": {
      "width": [
        "33",
        0
      ],
      "height": [
        "33",
        1
      ],
      "crop_w": [
        "815",
        0
      ],
      "crop_h": [
        "815",
        0
      ],
      "target_width": [
        "33",
        0
      ],
      "target_height": [
        "33",
        1
      ],
      "conditioning": [
        "422",
        0
      ]
    },
    "class_type": "BNK_AddCLIPSDXLParams",
    "_meta": {
      "title": "Size+"
    }
  },
  "425": {
    "inputs": {
      "text_l": [
        "272",
        0
      ],
      "text_g": [
        "272",
        0
      ],
      "token_normalization": "none",
      "weight_interpretation": "A1111",
      "balance": 0.5,
      "clip": [
        "229",
        0
      ]
    },
    "class_type": "BNK_CLIPTextEncodeSDXLAdvanced",
    "_meta": {
      "title": "XLNeg-"
    }
  },
  "426": {
    "inputs": {
      "width": [
        "33",
        1
      ],
      "height": [
        "33",
        1
      ],
      "crop_w": 0,
      "crop_h": 0,
      "target_width": [
        "33",
        0
      ],
      "target_height": [
        "33",
        1
      ],
      "conditioning": [
        "425",
        0
      ]
    },
    "class_type": "BNK_AddCLIPSDXLParams",
    "_meta": {
      "title": "Size-"
    }
  },
  "438": {
    "inputs": {
      "cond": true,
      "sel_mode": true,
      "tt_value": [
        "451",
        0
      ],
      "ff_value": [
        "194",
        0
      ]
    },
    "class_type": "ImpactConditionalBranchSelMode",
    "_meta": {
      "title": "⭕LG"
    }
  },
  "451": {
    "inputs": {
      "wildcard_text": "score_9, score_8_up, score_7_up, top-down view, oil puddle on fire, iridescent colors, wet cobblestone, cloud reflection, metallic hues, (photorealistm:1.4), <lora:add-detail-xl.safetensors:2.0>, ",
      "populated_text": "score_9, score_8_up, score_7_up, top-down view, oil puddle on fire, iridescent colors, wet cobblestone, cloud reflection, metallic hues, (photorealistm:1.4), <lora:add-detail-xl.safetensors:2.0>, ",
      "mode": false,
      "seed": 850412916941086,
      "Select to add Wildcard": "Select the Wildcard to add to the text"
    },
    "class_type": "ImpactWildcardProcessor",
    "_meta": {
      "title": "  + "
    }
  },
  "513": {
    "inputs": {
      "input": [
        "386",
        0
      ]
    },
    "class_type": "Recourse",
    "_meta": {
      "title": "↻SD"
    }
  },
  "514": {
    "inputs": {
      "fallback": [
        "386",
        1
      ]
    },
    "class_type": "Recourse",
    "_meta": {
      "title": "↻XL"
    }
  },
  "515": {
    "inputs": {
      "fallback": [
        "523",
        0
      ]
    },
    "class_type": "Recourse",
    "_meta": {
      "title": "↻+|"
    }
  },
  "516": {
    "inputs": {
      "fallback": [
        "524",
        0
      ]
    },
    "class_type": "Recourse",
    "_meta": {
      "title": "↻-|"
    }
  },
  "517": {
    "inputs": {
      "input": [
        "523",
        0
      ]
    },
    "class_type": "Recourse",
    "_meta": {
      "title": "↻+||"
    }
  },
  "518": {
    "inputs": {
      "input": [
        "524",
        0
      ]
    },
    "class_type": "Recourse",
    "_meta": {
      "title": "↻-||"
    }
  },
  "519": {
    "inputs": {
      "input": [
        "697",
        0
      ],
      "fallback": [
        "598",
        0
      ]
    },
    "class_type": "Recourse",
    "_meta": {
      "title": "↻L"
    }
  },
  "520": {
    "inputs": {
      "fallback": [
        "732",
        0
      ]
    },
    "class_type": "Recourse",
    "_meta": {
      "title": "↻m||"
    }
  },
  "521": {
    "inputs": {
      "input": [
        "732",
        0
      ]
    },
    "class_type": "Recourse",
    "_meta": {
      "title": "↻m|"
    }
  },
  "522": {
    "inputs": {
      "input": [
        "598",
        0
      ],
      "fallback": [
        "5",
        0
      ]
    },
    "class_type": "Recourse",
    "_meta": {
      "title": "↻L|"
    }
  },
  "523": {
    "inputs": {
      "input": [
        "694",
        0
      ]
    },
    "class_type": "Recourse",
    "_meta": {
      "title": "↻XL+"
    }
  },
  "524": {
    "inputs": {
      "input": [
        "695",
        0
      ]
    },
    "class_type": "Recourse",
    "_meta": {
      "title": "↻XL-"
    }
  },
  "525": {
    "inputs": {
      "fallback": [
        "711",
        0
      ]
    },
    "class_type": "Recourse",
    "_meta": {
      "title": "↻i"
    }
  },
  "526": {
    "inputs": {
      "input": [
        "688",
        0
      ],
      "fallback": [
        "686",
        3
      ]
    },
    "class_type": "Recourse",
    "_meta": {
      "title": "↻V|"
    }
  },
  "527": {
    "inputs": {},
    "class_type": "Recourse",
    "_meta": {
      "title": "↻V||"
    }
  },
  "590": {
    "inputs": {
      "text_g": [
        "194",
        0
      ],
      "text_l": [
        "451",
        0
      ]
    },
    "class_type": "SDPromptMerger",
    "_meta": {
      "title": "GLTXT"
    }
  },
  "591": {
    "inputs": {
      "filename": "%counter_%seed_%steps_%cfg",
      "path": "%date/",
      "model_name": [
        "741",
        0
      ],
      "seed": 965556216603650,
      "steps": [
        "33",
        3
      ],
      "cfg": [
        "33",
        5
      ],
      "sampler_name": [
        "33",
        9
      ],
      "scheduler": [
        "33",
        10
      ],
      "width": [
        "33",
        0
      ],
      "height": [
        "33",
        1
      ],
      "positive": [
        "590",
        0
      ],
      "negative": [
        "272",
        0
      ],
      "extension": "png",
      "calculate_hash": true,
      "resource_hash": true,
      "lossless_webp": false,
      "jpg_webp_quality": 100,
      "date_format": "%m",
      "time_format": "%H%M%S",
      "save_metadata_file": true,
      "extra_info": "˶𝞢⤬⫒ⵖsᐼ˶ ⠑⠭⠙⠽⠎⠁",
      "images": [
        "597",
        0
      ]
    },
    "class_type": "SDPromptSaver",
    "_meta": {
      "title": "⭕Save"
    }
  },
  "597": {
    "inputs": {
      "image": "$597-0",
      "images": [
        "525",
        0
      ]
    },
    "class_type": "PreviewBridge",
    "_meta": {
      "title": "Preview"
    }
  },
  "598": {
    "inputs": {},
    "class_type": "Recourse",
    "_meta": {
      "title": "↻L/i"
    }
  },
  "617": {
    "inputs": {
      "fallback": [
        "522",
        0
      ]
    },
    "class_type": "Recourse",
    "_meta": {
      "title": "↻LC|"
    }
  },
  "618": {
    "inputs": {
      "fallback": [
        "519",
        0
      ]
    },
    "class_type": "Recourse",
    "_meta": {
      "title": "↻LC||"
    }
  },
  "624": {
    "inputs": {
      "fallback": [
        "517",
        0
      ]
    },
    "class_type": "Recourse",
    "_meta": {
      "title": "↻+C"
    }
  },
  "673": {
    "inputs": {
      "ckpt_name": [
        "738",
        0
      ]
    },
    "class_type": "CheckpointLoaderSimple",
    "_meta": {
      "title": "LoadCkpt"
    }
  },
  "686": {
    "inputs": {
      "model": [
        "673",
        0
      ],
      "clip": [
        "673",
        1
      ],
      "vae": [
        "673",
        2
      ]
    },
    "class_type": "Context (rgthree)",
    "_meta": {
      "title": "CKPT"
    }
  },
  "688": {
    "inputs": {
      "value": [
        "203",
        0
      ]
    },
    "class_type": "ReroutePrimitive|pysssss",
    "_meta": {
      "title": "Reroute Primitive 🐍"
    }
  },
  "691": {
    "inputs": {
      "model": [
        "521",
        0
      ],
      "vae": [
        "526",
        0
      ],
      "positive": [
        "515",
        0
      ],
      "negative": [
        "516",
        0
      ],
      "latent": [
        "617",
        0
      ],
      "seed": [
        "33",
        3
      ]
    },
    "class_type": "Context (rgthree)",
    "_meta": {
      "title": "K"
    }
  },
  "694": {
    "inputs": {
      "value": [
        "424",
        0
      ]
    },
    "class_type": "ReroutePrimitive|pysssss",
    "_meta": {
      "title": "POS"
    }
  },
  "695": {
    "inputs": {
      "value": [
        "426",
        0
      ]
    },
    "class_type": "ReroutePrimitive|pysssss",
    "_meta": {
      "title": "Reroute Primitive 🐍"
    }
  },
  "697": {
    "inputs": {
      "value": [
        "367",
        0
      ]
    },
    "class_type": "ReroutePrimitive|pysssss",
    "_meta": {
      "title": "Reroute Primitive 🐍"
    }
  },
  "711": {
    "inputs": {
      "value": [
        "111",
        0
      ]
    },
    "class_type": "ReroutePrimitive|pysssss",
    "_meta": {
      "title": "Reroute Primitive 🐍"
    }
  },
  "732": {
    "inputs": {
      "model": [
        "308",
        0
      ]
    },
    "class_type": "ModelPassThrough",
    "_meta": {
      "title": "Model"
    }
  },
  "738": {
    "inputs": {
      "ckpt_name": "xl\\wildcardxXL_v4Rundiffusion.safetensors"
    },
    "class_type": "Checkpoint Selector",
    "_meta": {
      "title": "⭕Checkpoint |"
    }
  },
  "741": {
    "inputs": {
      "input": [
        "738",
        0
      ]
    },
    "class_type": "Recourse",
    "_meta": {
      "title": "ID"
    }
  },
  "815": {
    "inputs": {
      "value": 0
    },
    "class_type": "ImpactInt",
    "_meta": {
      "title": "Crop"
    }
  },
  "816": {
    "inputs": {
      "value": 0.5
    },
    "class_type": "ImpactFloat",
    "_meta": {
      "title": "Bal"
    }
  },
  "817": {
    "inputs": {
      "input": 965556216603650,
      "output": ""
    },
    "class_type": "Display Int (rgthree)",
    "_meta": {
      "title": "Display Int (rgthree)"
    }
  },
  "842": {
    "inputs": {
      "input": [
        "618",
        0
      ],
      "fallback": [
        "5",
        0
      ]
    },
    "class_type": "Recourse",
    "_meta": {
      "title": "↻L||"
    }
  },
  "850": {
    "inputs": {
      "input_block": true,
      "middle_block": false,
      "output_block": true,
      "multiscale_mode": "Default",
      "multiscale_strength": 0,
      "slice_b1": 640,
      "slice_b2": 640,
      "b1": 1.3,
      "b2": 1.4000000000000001,
      "s1": 0.9,
      "s2": 0.2,
      "threshold": 1,
      "use_override_scales": "false",
      "override_scales": "# OVERRIDE SCALES\n\n# Sharpen\n# 10, 1.5",
      "model": [
        "686",
        1
      ]
    },
    "class_type": "FreeU_V2 (Advanced)",
    "_meta": {
      "title": "FreeUv2A+|"
    }
  }
}